PostingDate,WhsCode,Sale,Target,Shortfall,LM Sale,MOM Sale,LY Sale,YOY Sale,NOB,TGT NOB,NOB Achv%,Bill Shortfall,LM Bills,MOM Bills,LY Bills,YOY Bills,ABV Bills,ABV Bills TGT,ABV ACHV%,LM ABV,MOM ABV,LY ABV,YOY ABV,NM Target,Margin,LM Margin,LY Margin,MOM Margin,NM ACHV,YOY NM,RGM,RGMTarget,RGM Achv%,LM RGM,MOM RGM,LY RGM,YOY RGM,Damage,TGT Damage,Damage Achv,Damage To Sale,LM Damage,MOM Damage,LY Damage,YOY Damage,Fresh Dump,TGT Fresh Dump,Fresh Dump Achv,Fresh Dump To Sale,LM Fresh Dump,MOM Fresh Dump,LY Fresh Dump,YOY Fresh Dump,Shrinkage,TGT Shrinkage,Shrinkage Achv,Shrinkage To Sale,LM Shrinkage,Shrinkage MOM
'2021-08-01',STR01,652684.09,606595.8299999996,46088.26000000036,700992.6699999996,-6.891452944864551,948455.8200000003,-31.184555333320663,348.0,348.0,100.0,0.0,398.0,-12.562814070351758,435.0,-19.999999999999996,1869.8739080459811,1600.0,116.86711925287383,1776.2819346733652,5.268981885458746,1963.8905287356479,-4.787263817102605,11.188205827263939,13.846508107773847,13.163473980405534,14.600465854065813,0.6830341273683125,123.75986214011216,-0.7539577462919667,90373.95543999995,67867.19000000002,133.16295464715708,92274.98771999999,-2.060181558374796,138478.96813999995,-34.738136300500614,7797.580000000001,2729.6900000000014,285.6580783898537,1.1946943581848306,822.3133399999999,848.2492403686412,0.0,0.0,3336.36996,635.1999999999997,525.2471599496224,0.5111768482053852,2308.84857,44.503628490455725,4785.7674,-30.285580531974865,-431.88,1963.6399999999994,-21.993848159540452,-0.06616983723320115,1113.5138200000006,-138.7853291304458
'2021-08-01',STR11,133484.10999999993,161977.62999999992,-28493.51999999999,150644.62999999986,-11.391391780775685,0.0,0.0,254.0,245.7,103.37810337810338,8.300000000000011,228.0,11.403508771929815,0.0,0.0,534.6240944881885,700.0,76.37487064116978,660.7220614035076,-19.084873092849584,0.0,0.0,10.962322389826308,13.626873640615361,13.368899097166636,0.0,0.25797454344872506,124.30644854289193,0.0,18189.711000000003,17756.510000000006,102.43967423778658,20139.528580000002,-9.68154528669707,0.0,0.0,0.0,728.8999999999999,0.0,0.0,0.0,0.0,0.0,0.0,1197.8077,203.54,588.4876191412009,0.8973410393192124,2751.51,-56.46725979553045,0.0,0.0,0.0,629.6999999999999,0.0,0.0,0.0,0.0
'2021-08-01',STR12,38148.50000000001,79791.02,-41642.52,38957.10000000001,-2.0756165114959924,0.0,0.0,100.0,89.64,111.55734047300312,10.36,90.0,11.111111111111116,0.0,0.0,389.9067999999999,600.0,64.98446666666665,437.6987777777783,-10.918919632451562,0.0,0.0,9.201173264861131,10.067043789401936,10.176956600979024,0.0,-0.10991281157708777,109.41043603479923,0.0,3840.426199999998,7341.709999999999,52.309696242428515,3964.647160000001,-3.1332160211705373,0.0,0.0,0.0,359.05,0.0,0.0,0.0,0.0,0.0,0.0,1750.1292,108.37999999999998,1614.8082672079724,4.587675006881003,948.79502,84.45809296090107,0.0,0.0,0.0,332.73999999999995,0.0,0.0,0.0,0.0
'2021-08-02',STR01,294863.48000000016,455872.79999999993,-161009.31999999977,252326.9000000001,16.857727019988754,270083.6,9.174892514762156,219.0,286.2,76.51991614255765,-67.19999999999999,200.0,9.499999999999996,184.0,19.02173913043479,1341.8647945205475,1600.0,83.86654965753422,1258.9626000000042,6.584960865441358,1204.6061956521753,11.3944789063666,13.488633232778977,15.036580430374071,14.449946723872872,15.628111429201924,0.5866337065011997,111.47593807972626,-0.591530998827853,44337.384329999986,61491.010000000024,72.10384791207686,36461.10262,21.601874721362968,42208.96596,5.042574063569849,5466.6,2051.439999999999,266.4762313301877,1.853942712742859,0.0,0.0,0.0,0.0,3549.72854,568.9000000000003,623.963533134118,1.2038549297457921,2882.3144,23.15549407101458,4147.5445,-14.413732269780343,235.50857999999954,1745.2000000000005,13.494647031858783,0.07987037933622686,154.93992000000026,51.999936491511775
'2021-08-02',STR11,150879.95000000016,107341.5,43538.45000000016,100564.77999999993,50.032595904848854,0.0,0.0,209.0,214.7,97.34513274336284,-5.699999999999989,171.0,22.222222222222232,0.0,0.0,726.8035406698577,650.0,111.81592933382427,590.1991228070165,23.145479649841548,0.0,0.0,12.740915675670642,12.423941723204427,13.95425923469431,0.0,-1.5303175114898835,97.51215720647542,0.0,18745.237059999996,13676.290000000003,137.06375822682898,14033.070100000006,33.57901675414554,0.0,0.0,1322.69,483.0200000000001,273.83752225580713,0.8766506086461446,973.68,35.84442527319038,0.0,0.0,1110.557,161.95999999999992,685.6983205729813,0.7360533987451605,1092.0987,1.6901677476587107,0.0,0.0,-16.15000000000009,484.6700000000001,-3.3321641529288155,-0.010703874172810948,166.91000000000008,-109.67587322509142
'2021-08-02',STR12,30984.500000000004,44841.85,-13857.349999999995,26131.379999999997,18.572000407173327,0.0,0.0,72.0,87.0,82.75862068965517,-15.0,68.0,5.882352941176472,0.0,0.0,456.6363888888892,550.0,83.02479797979804,384.2849999999997,18.827533962785314,0.0,0.0,9.165612034293854,9.348530523326176,12.17741229127586,0.0,-2.828881767949685,101.99570403316132,0.0,2896.595439999999,4110.029999999999,70.47626027060629,3182.1258800000014,-8.972946098537182,0.0,0.0,0.0,201.82999999999998,0.0,0.0,219.24,-100.0,0.0,0.0,927.8395,85.74999999999999,1082.0285714285717,2.994527909115848,1273.9418999999998,-27.16783237916892,0.0,0.0,0.0,247.60000000000002,0.0,0.0,0.0,0.0
'2021-08-03',STR01,304927.61000000004,482913.69999999995,-177986.0899999999,281297.7500000001,8.400301815425081,282000.82,8.130043735333835,234.0,329.4,71.03825136612022,-95.39999999999998,186.0,25.806451612903224,206.0,13.592233009708732,1306.2988888888863,1600.0,81.64368055555539,1511.6510752688214,-13.584628737383508,1196.62645631068,9.165135201534614,10.105501252087072,12.27125008456925,16.202920641917675,15.037383983493383,-3.9316705573484256,121.43138453458594,-2.7661338989241333,37418.429599999996,48800.850000000006,76.67577429491492,45578.451199999996,-17.90324459291851,42405.546140000006,-11.760528973109485,51348.59999999999,2173.0899999999992,2362.9302053757556,16.839603340609262,929.3599999999999,5425.157097357321,0.0,0.0,3006.9906800000003,570.8299999999998,526.775165986371,0.9861326365296996,2605.47125,15.410626004796658,5545.2055,-45.77314258236236,1985.6025299999997,1765.1799999999996,112.48725512412332,0.6511717748353452,854.2024400000005,132.45104872329782
'2021-08-03',STR11,124830.27999999998,117094.45999999996,7735.8200000000215,73771.35000000002,69.21241105117359,0.0,0.0,201.0,277.2,72.51082251082252,-76.19999999999999,132.0,52.27272727272727,0.0,0.0,621.046169154229,700.0,88.720881307747,571.9605303030307,8.5819975768594,0.0,0.0,11.444649046590255,11.800070143237686,12.290140142480785,0.0,-0.490069999243099,103.10556571198069,0.0,14730.060600000004,13401.050000000003,109.91721245723282,9066.602300000002,62.465057058916116,0.0,0.0,15044.9,526.8999999999999,2855.361548680965,12.052284109272208,2656.06,466.4367521818031,0.0,0.0,1895.1072,164.2199999999999,1154.0051150895147,1.5181470393241128,1373.9478000000001,37.931528403044126,0.0,0.0,969.3380699999982,493.22999999999996,196.52861139833308,0.7765247902992753,1583.9518699999996,-38.80255528218807
'2021-08-03',STR12,24160.140000000003,45305.10000000001,-21144.96000000001,37825.840000000004,-36.127948513502936,0.0,0.0,102.0,97.44,104.67980295566504,4.560000000000002,79.0,29.11392405063291,0.0,0.0,248.7526470588235,600.0,41.458774509803916,478.8081012658225,-48.04752751651499,0.0,0.0,9.575654837976295,-16.100924580735047,9.422346470032124,0.0,-25.52327105076717,-168.14437083592492,0.0,-3890.0059200000005,4338.259999999999,-89.6674224228147,3564.0817,-209.14468992110926,0.0,0.0,11526.72,203.87000000000003,5653.955952322557,47.709657311588415,0.0,0.0,0.0,0.0,633.95616,88.12000000000003,719.4236949614159,2.6239755233206425,1319.3892400000002,-51.950785956083756,0.0,0.0,0.0,257.06,0.0,0.0,0.0,0.0
'2021-08-04',STR01,501649.8000000001,709831.1,-208181.29999999987,477644.9600000001,5.025665925586242,253520.13000000012,97.87375464031194,441.0,1177.33,37.4576371960283,-736.3299999999999,344.0,28.197674418604656,169.0,160.94674556213016,1126.275011337868,1450.0,77.6741387129564,1368.2708139534927,-17.68625042263382,1283.1517751479323,-12.225893058674087,9.119398966880993,8.707246993819192,9.865200551891094,13.291738569241016,-1.1579535580719025,95.48049192102881,-4.584491575421824,43679.887129999996,64732.32999999999,67.47769952047146,47120.63323000001,-7.301994612859774,33697.23289999998,29.624551842653002,405.82,3194.2299999999977,12.704783312410198,0.08089707202115896,2014.14124,-79.85146265114953,0.0,0.0,3372.6213599999996,842.39,400.3634136207695,0.6723059313489208,2611.9919,29.120666874962353,5817.6915,-42.02818489086264,-6.4500000000000455,2607.23,-0.24738899138165965,-0.0012857575145051477,10253.000000000002,-100.06290841704867
'2021-08-04',STR11,181866.92999999996,196966.90999999997,-15099.98000000001,169179.3700000001,7.4994723056362345,0.0,0.0,324.0,436.5,74.22680412371135,-112.5,271.0,19.55719557195572,0.0,0.0,569.341327160493,600.0,94.89022119341551,624.2781180811814,-8.800050703289974,0.0,0.0,6.984264514278059,8.807214885081088,7.542612707447718,0.0,1.2646021776333694,126.10082088208914,0.0,16017.411329999999,13756.689999999999,116.43361397254719,12760.544660000001,25.522944018284544,0.0,0.0,1373.6708,886.3400000000001,154.98237696594984,0.7553164283358169,1627.64,-15.603524120812951,0.0,0.0,121.965,258.6499999999999,47.15445582833947,0.06706276946556476,1114.1907,-89.05348967640818,0.0,0.0,0.0,800.0899999999997,0.0,0.0,12.000000000000028,-100.0
'2021-08-04',STR12,62531.48,102757.34000000001,-40225.86000000001,62023.419999999984,0.8191421885475281,0.0,0.0,177.0,228.66,77.4075045919706,-51.66,150.0,17.999999999999993,0.0,0.0,356.00079096045204,450.0,79.11128688010045,420.9664666666665,-15.432506113997956,0.0,0.0,6.792380962761392,-11.506713146722259,4.367344158061585,0.0,-15.874057304783843,-169.40618039251277,0.0,-7195.31803,6979.669999999997,-103.08965939650447,2708.7762100000004,-365.6298443347596,0.0,0.0,0.0,462.40999999999997,0.0,0.0,0.0,0.0,0.0,0.0,683.9248600000001,139.66,489.70704568237153,1.09372888663438,555.15116,23.196150756489466,0.0,0.0,0.0,421.37999999999994,0.0,0.0,1986.5700000000002,-100.0
'2021-08-05',STR01,291777.2299999999,438538.24000000005,-146761.01000000013,321346.44000000006,-9.201660986193005,303585.45,-3.8895869350787704,282.0,341.85,82.49232119350592,-59.85000000000002,243.0,16.049382716049386,219.0,28.767123287671236,1034.989219858157,1550.0,66.77349805536497,1312.976337448564,-21.172286937828932,1270.0198630136977,-18.50606041686813,11.824977908425955,11.572282141413162,12.23974969817621,15.163666295601445,-0.6674675567630484,97.86303391879714,-3.591384154188283,33765.28427999999,51857.05,65.11223503843738,39331.99992,-14.153146677826012,46034.68455999998,-26.65251298509167,0.0,1973.4099999999999,0.0,0.0,489.3628,-100.0,0.0,0.0,2696.3020199999996,583.9000000000002,461.77462236684346,0.9240961057859108,3142.10477,-14.188029446261918,5931.11426,-54.539705326803144,542.3696799999999,1791.4999999999995,30.27461233603126,0.18588485468862667,653.3510799999997,-16.9864875711233
'2021-08-05',STR11,90186.23999999998,124603.82999999996,-34417.58999999998,86803.22000000002,3.8973439003759935,0.0,0.0,190.0,233.16,81.48910619317206,-43.16,148.0,28.37837837837838,0.0,0.0,474.6644210526316,650.0,73.02529554655871,610.9022972972973,-22.30109083684869,0.0,0.0,9.899759903046327,11.900606899677824,11.897044556642024,0.0,0.003562343035799387,120.21106588671712,0.0,10732.709899999998,12335.480000000007,87.00682827097114,10327.017760000002,3.9284539779855576,0.0,0.0,1921.48,560.7300000000002,342.67472758725216,2.130568920491641,198.7,867.0256668344239,0.0,0.0,1674.45278,158.20000000000005,1058.4404424778759,1.8566610383136057,1227.0013,36.4670746477612,0.0,0.0,0.0,490.90999999999974,0.0,0.0,631.7099999999999,-100.0
'2021-08-05',STR12,29220.219999999994,62924.82,-33704.600000000006,28146.869999999988,3.813390263286842,0.0,0.0,118.0,94.3,125.13255567338281,23.700000000000003,76.0,55.263157894736835,0.0,0.0,249.63101694915255,600.0,41.60516949152542,376.03118421052653,-33.614277902709,0.0,0.0,9.546503271681983,9.252187936983363,10.994466667164055,0.0,-1.7422787301806917,96.91703520836101,0.0,2703.5096699999995,6007.119999999999,45.005088461692125,3094.598239999998,-12.63778169795633,0.0,0.0,0.0,283.15999999999997,0.0,0.0,0.0,0.0,0.0,0.0,0.0,74.97999999999999,0.0,0.0,1463.11562,-100.0,0.0,0.0,0.0,230.28000000000003,0.0,0.0,2541.4900000000007,-100.0
'2021-08-06',STR01,282812.53,458627.9699999999,-175815.4399999999,324689.6300000001,-12.897578527531072,265740.6400000001,6.424267661882643,272.0,349.59,77.80542921708287,-77.58999999999997,239.0,13.807531380753147,206.0,32.038834951456316,1077.9119852941167,1550.0,69.54270872865268,1350.4710460251042,-20.18251790982277,1165.245291262136,-7.494843070631452,11.414942703996008,13.01608856227127,9.795656510495881,16.632269960665404,3.220432051775388,114.02675335124329,-3.6161813983941347,36811.12937,52352.119999999995,70.31449608917463,31805.480880000003,15.738320413660723,44198.70064000001,-16.714453508875838,813.0,2063.759999999999,39.394115594836634,0.2874695827656575,208.96,289.0696784073507,0.0,0.0,2171.1868999999997,588.5099999999996,368.92948293147117,0.7677124135907272,2414.40898,-10.073773002617003,5646.15922,-61.5457727031651,35.89738000000024,1822.2099999999998,1.9699913840885652,0.012692994896654769,568.2307600000006,-93.68260528521894
'2021-08-06',STR11,91371.73,117708.34,-26336.61,89309.96,2.308555507134913,0.0,0.0,179.0,248.05,72.16287038903447,-69.05000000000001,163.0,9.81595092024541,0.0,0.0,511.15726256983277,650.0,78.63957885689736,547.9138650306742,-6.708463648530527,0.0,0.0,8.717784992975009,11.775498351623638,10.589477590181426,0.0,1.1860207614422116,135.07442958403544,0.0,10759.476560000001,10261.56,104.85225014520212,9457.458199999995,13.76710668411949,0.0,0.0,872.97,529.7299999999998,164.79527306363627,0.9554049157217446,1377.34,-36.619135434968854,0.0,0.0,951.415,164.44000000000003,578.5788129408902,1.0412575092974599,1155.3306,-17.64997828327234,0.0,0.0,139.00599999999946,497.6599999999997,27.931921392115004,0.15213239368456685,665.6920000000001,-79.11857135131571
'2021-08-06',STR12,28269.29,55708.96000000002,-27439.67000000002,23679.299999999992,19.383976722284913,0.0,0.0,117.0,129.6,90.27777777777779,-12.599999999999994,65.0,80.0,0.0,0.0,241.6178632478633,600.0,40.26964387464388,364.29692307692295,-33.67556848761948,0.0,0.0,10.349843185010096,10.786974345659193,12.985916137723668,0.0,-2.198941792064476,104.22355346680231,0.0,3049.4010599999997,5765.790000000003,52.88782734022568,3074.9740399999996,-0.8316486470240192,0.0,0.0,0.0,250.7,0.0,0.0,0.0,0.0,0.0,0.0,540.4142200000001,100.86000000000004,535.8062859409081,1.9116653442658096,518.15724,4.2954104047644215,0.0,0.0,0.0,294.68000000000006,0.0,0.0,0.0,0.0
'2021-08-07',STR01,751716.5100000002,1654000.0,-902283.4899999998,504622.4000000003,48.966139830495,438636.22000000015,71.37584078214061,474.0,827.4,57.28788977519942,-353.4,304.0,55.92105263157894,223.0,112.55605381165918,1582.487468354431,1600.0,98.90546677215194,1662.14335526316,-4.792359615462727,1687.8850224215248,-6.244356260468809,7.335313784764205,8.762363019005662,12.912535347221993,15.144192677476564,-4.150172328216332,119.45450837025548,-6.3818296584709024,65868.12948000002,121326.08999999995,54.2901609043859,65159.54576999999,1.0874595604168036,66427.91431000002,-0.8426951768915281,0.0,7442.950000000003,0.0,0.0,244.8,-100.0,0.0,0.0,4295.02246,2066.28,207.86255783340107,0.5713619965590484,4245.3626,1.1697436633563374,4002.5145,7.308104942530491,0.0,6403.7599999999975,0.0,0.0,2258.9099999999994,-100.0
'2021-08-07',STR11,122133.09000000001,320000.01000000007,-197866.92000000004,84588.83,44.38441813180298,0.0,0.0,225.0,400.4,56.193806193806196,-175.39999999999998,169.0,33.136094674556205,0.0,0.0,549.1674222222216,740.0,74.21181381381373,502.3452662721899,9.320712086627214,0.0,0.0,5.367559207263774,10.261974752296862,8.004427511291976,0.0,2.257547241004886,191.1851244865563,0.0,12533.266860000005,17176.190000000002,72.96884151840428,6770.8515800000005,85.10621170638635,0.0,0.0,749.28,1440.0500000000002,52.03152668310127,0.6134946720827255,892.28,-16.0263594387412,0.0,0.0,2073.4814,376.29999999999984,551.0181769864473,1.697722869371437,1745.6630000000002,18.77901977644023,0.0,0.0,0.0,1160.3899999999994,0.0,0.0,346.57949999999994,-100.0
'2021-08-07',STR12,107590.21000000002,124999.96999999999,-17409.759999999966,58289.55000000001,84.57889964839325,0.0,0.0,194.0,275.0,70.54545454545455,-81.0,84.0,130.95238095238093,0.0,0.0,554.5887113402065,650.0,85.32134020618561,800.5398809523808,-30.723162638639923,0.0,0.0,3.3550488052117124,8.295191885953185,9.860451144330328,0.0,-1.565259258377143,247.24504374027242,0.0,8924.814369999995,4193.809999999999,212.80922049401374,5747.6126,55.278634645626504,0.0,0.0,0.0,562.5100000000001,0.0,0.0,0.0,0.0,0.0,0.0,0.0,195.55999999999997,0.0,0.0,1186.17172,-100.0,0.0,0.0,0.0,583.7900000000002,0.0,0.0,0.0,0.0
'2021-08-08',STR01,1107430.8800000006,1931999.9900000005,-824569.1099999999,563864.4999999998,96.4001777022673,642044.2400000001,72.4851359152448,707.0,922.3,76.65618562289927,-215.29999999999995,381.0,85.56430446194226,340.0,107.94117647058825,1560.2179066478097,1600.0,97.51361916548811,1466.2160629921254,6.4111863202380714,1741.440911764706,-10.406497509769208,7.427961218571223,7.725225903940839,11.293700071559748,14.312710166202875,-3.568474167618909,104.00196873169452,-6.587484262262036,85551.53721000002,143508.20999999993,59.61438527454287,63681.16543999999,34.34354823579064,91893.93121,-6.901863829838839,2336.62,8693.980000000001,26.876298312165424,0.21099465819483004,7647.4304,-69.4456846576858,0.0,0.0,4851.621640000001,2265.199999999998,214.18071870033577,0.438097016041308,2638.44816,83.8816359386042,6933.748960000001,-30.02888238399677,1610.1702199999993,7041.230000000003,22.867740721436434,0.14539690459055996,689.37886,133.5682617247647
'2021-08-08',STR11,171659.62999999995,369999.98000000004,-198340.3500000001,115106.31,49.131381242261995,0.0,0.0,260.0,465.93,55.802373747129394,-205.93,214.0,21.495327102803728,0.0,0.0,664.9389230769244,750.0,88.65852307692326,540.0608411214946,23.122965497018267,0.0,0.0,5.088397572345816,10.82444492045101,9.511597982769146,0.0,1.3128469376818632,212.7279711648161,0.0,18581.20209999999,18827.070000000003,98.69407241806604,10948.44946,69.71537538613246,0.0,0.0,572.06,1664.9799999999996,34.358370671119175,0.3332524950682931,0.0,0.0,0.0,0.0,1292.7977999999998,474.2999999999999,272.56963946869075,0.753116967571234,1780.5302000000001,-27.392537346460077,0.0,0.0,187.82,1475.1299999999997,12.732437141133326,0.10941419365753036,0.0,0.0
'2021-08-08',STR12,91571.73000000001,135000.02000000002,-43428.29000000001,29900.099999999988,206.2589422777852,0.0,0.0,221.0,297.0,74.41077441077442,-76.0,69.0,220.28985507246378,0.0,0.0,414.50126696832547,650.0,63.76942568743469,436.6633333333337,-5.075321116575293,0.0,0.0,4.178480862447279,3.3689269821592314,8.828342848351681,0.0,-5.45941586619245,80.6256410657843,0.0,3084.98472,5640.950000000001,54.68909882200692,2639.6833399999996,16.86949996055209,0.0,0.0,0.0,607.4699999999999,0.0,0.0,270.06,-100.0,0.0,0.0,1178.0497300000002,166.98000000000005,705.5034914361,1.286477529691751,1535.23265,-23.26571936833155,0.0,0.0,0.0,513.1,0.0,0.0,0.0,0.0
'2021-08-09',STR01,530374.0700000003,1219999.96,-689625.8899999997,203585.88000000003,160.51613697374307,322356.6100000002,64.53022942510778,450.0,615.0,73.17073170731707,-165.0,158.0,184.81012658227849,172.0,161.6279069767442,1152.941177777777,1700.0,67.82006928104572,1283.10886075949,-10.144710785074373,1530.5500581395347,-24.6714492187705,7.684287956861898,6.907242169663379,13.31578457209311,11.975064919562211,-6.408542402429731,89.88786219932538,-5.067822749898832,36634.22141999999,93748.30999999997,39.077207279789896,27109.057199999996,35.13646435479871,38602.41332,-5.098623973802918,839.07,5490.010000000001,15.283578718435848,0.1582034355488004,2278.63,-63.17655784396765,0.0,0.0,3128.8527700000004,1480.5700000000004,211.32758126937597,0.5899332088388104,3575.81272,-12.499534651244248,6492.574119999999,-51.80874777598996,-1004.5121799999993,4591.270000000001,-21.878743354235297,-0.18939692507968928,395.58326999999997,-353.93191678707734
'2021-08-09',STR11,110019.19,229999.98000000013,-119980.79000000012,53125.89999999999,107.0914375097646,0.0,0.0,213.0,294.4,72.35054347826087,-81.39999999999998,111.0,91.89189189189189,0.0,0.0,516.5220187793424,700.0,73.78885982562034,487.2202702702703,6.01406597734897,0.0,0.0,5.779700502582651,7.7262798062774305,15.771867883649977,0.0,-8.045588077372546,133.67958777145896,0.0,8500.390459999999,13293.310000000005,63.94487497846658,8378.94676,1.4493909972044916,0.0,0.0,742.98,1035.02,71.784120113621,0.675318551245469,742.88,0.013461124273095315,0.0,0.0,1809.957,262.80000000000007,688.7203196347031,1.6451284544087266,1380.1865000000003,31.13858163371397,0.0,0.0,0.0,809.1700000000002,0.0,0.0,238.71015999999983,-100.0
'2021-08-09',STR12,69445.09,120000.01000000002,-50554.92000000003,20864.34000000001,232.84105799656237,0.0,0.0,223.0,220.5,101.13378684807257,2.5,69.0,223.18840579710147,0.0,0.0,312.3072197309416,630.0,49.57257456046692,302.381739130435,3.2824338629209304,0.0,0.0,3.726266356144469,2.807704475579195,13.045426982113973,0.0,-10.237722506534778,75.34900104361566,0.0,1949.8129,4471.5199999999995,43.605147690270876,2721.84224,-28.36422069781679,0.0,0.0,0.0,540.0300000000001,0.0,0.0,0.0,0.0,0.0,0.0,0.0,136.43,0.0,0.0,3447.2651800000003,-100.0,0.0,0.0,0.0,421.84000000000003,0.0,0.0,-2652.95024,-100.0
'2021-08-10',STR01,531451.7400000001,1120000.0600000003,-588548.3200000002,167776.27,216.76216189571988,266168.5399999998,99.66737616699572,458.0,525.2,87.2048743335872,-67.20000000000005,151.0,203.3112582781457,199.0,130.15075376884423,1165.683908296945,1650.0,70.64750959375424,1091.6741721854291,6.779471200949572,1159.664824120606,0.5190365397953034,7.684285302627571,6.937098175649961,12.194988540393698,13.017284507027021,-5.257890364743737,90.27642653088223,-6.08018633137706,36867.328959999984,86064.0,42.83710838445806,20460.296899999987,80.18960888099336,34647.916119999994,6.4056171006454,1398.3799999999999,5040.010000000001,27.745579869881205,0.2631245501237797,837.25,67.0206031651239,0.0,0.0,3168.41378,1353.82,234.03508442776734,0.5961809025218356,1878.31538,68.68380111970333,4427.50836,-28.437994411827606,70517.52000000002,4203.82,1677.4628790005288,13.26884732751087,3190.0417299999995,2110.55164692156
'2021-08-10',STR11,137927.67,209999.99000000005,-72072.32000000004,95400.85999999997,44.57696712587293,0.0,0.0,248.0,259.9,95.42131589072721,-11.899999999999977,217.0,14.28571428571428,0.0,0.0,556.8483064516121,750.0,74.24644086021495,441.0792165898611,26.246779604988557,0.0,0.0,5.779671703793888,8.338457983086348,8.902405659655484,0.0,-0.5639476765691356,144.27217341104034,0.0,11501.040809999997,12137.309999999996,94.75774129522935,8492.971560000002,35.41833654744977,0.0,0.0,247.51999999999998,945.0000000000008,26.192592592592568,0.17945637738968545,809.45,-69.42121193402929,0.0,0.0,1554.05208,266.46,583.2215266831795,1.1267152414015258,1954.3757999999998,-20.48345666171265,0.0,0.0,0.0,821.9699999999997,0.0,0.0,0.0,0.0
'2021-08-10',STR12,63194.03999999999,109999.98,-46805.94,17618.160000000003,258.6869457423476,0.0,0.0,185.0,224.0,82.58928571428571,-39.0,61.0,203.27868852459017,0.0,0.0,343.53275675675644,620.0,55.40850915431555,288.8222950819672,18.942603326125695,0.0,0.0,3.7262461320447513,7.175641263005185,13.316338596084945,0.0,-6.14069733307976,192.57024385202388,0.0,4534.577610000001,4098.87,110.62994459448583,2346.09384,93.28202191605435,0.0,0.0,0.0,494.99999999999994,0.0,0.0,0.0,0.0,0.0,0.0,784.22422,145.61999999999995,538.5415602252439,1.2409781365457884,0.0,0.0,0.0,0.0,0.0,445.15,0.0,0.0,0.0,0.0
'2021-08-11',STR01,778967.08,2221000.0100000002,-1442032.9300000002,423582.7699999999,83.89961423596152,782017.9499999996,-0.3901278736632152,738.0,1193.7,61.82457903995978,-455.70000000000005,430.0,71.6279069767442,414.0,78.26086956521738,1074.857181571818,1400.0,76.77551296941557,978.1841162790682,9.882910965727621,1706.6789130434724,-37.02053893341569,7.684287673641206,3.3323805814746366,9.167404585413145,6.416293906041419,-5.835024003938509,43.366161224096714,-3.0839133245667827,25958.147709999994,170668.02999999997,15.209730674221762,38831.54628000001,-33.151908186129575,50176.57007,-48.26639669912377,1508.08,9994.460000000003,15.089159394304442,0.19359996573924537,4162.585720000001,-63.770595936220154,0.0,0.0,4067.14646,2843.310000000001,143.0426671731186,0.5221204546923857,2481.01174,63.93096390587818,5729.2765,-29.01116816407796,968.2349999999977,8854.849999999999,10.934516112638812,0.1242972937957786,511.57,89.26735344136634
'2021-08-11',STR11,179704.08999999994,320000.01000000007,-140295.92000000013,138077.31,30.147444210783036,0.0,0.0,329.0,772.8,42.572463768115945,-443.79999999999995,273.0,20.512820512820507,0.0,0.0,552.8812765957437,650.0,85.05865793780671,516.5653479853474,7.030268048763189,0.0,0.0,5.779699819384382,2.5135714941156886,8.881390302287901,0.0,-6.3678188081722125,43.489654699461866,0.0,4516.99078,18495.040000000008,24.422714306105842,12263.184820000002,-63.16625047815272,0.0,0.0,2303.8199999999997,1440.0500000000004,159.98194507135162,1.2820075491882241,1060.3899999999999,117.26157357198765,0.0,0.0,682.3288600000001,401.7599999999999,169.83494125846283,0.3796957876696075,2043.9441000000002,-66.61704887134634,0.0,0.0,0.0,1246.9299999999994,0.0,0.0,1298.626,-100.0
'2021-08-11',STR12,124257.26000000002,165000.03,-40742.769999999975,51685.73999999998,140.40917282020158,0.0,0.0,305.0,572.7,53.256504277981485,-267.70000000000005,151.0,101.9867549668874,0.0,0.0,411.09154098360636,600.0,68.51525683060106,344.12973509933806,19.458302801104587,0.0,0.0,3.7262235649290494,0.6917864758968603,8.12668600662388,0.0,-7.434899530727019,18.56535078592453,0.0,859.5949199999991,6148.27,13.98108606160756,4200.337799999999,-79.53510024836575,0.0,0.0,0.0,742.4799999999997,0.0,0.0,0.0,0.0,0.0,0.0,0.0,209.48000000000005,0.0,0.0,1298.8892,-100.0,0.0,0.0,0.0,652.2599999999999,0.0,0.0,0.0,0.0
'2021-08-12',STR01,678401.3800000002,1429999.9799999995,-751598.5999999993,267718.69,153.40082905679847,565522.77,19.96004687839541,533.0,1040.52,51.22438780609695,-507.52,200.0,166.5,321.0,66.04361370716512,1263.2099624765501,1700.0,74.30646838097353,1330.6850000000006,-5.070699491123031,1719.505295950155,-26.53643082974442,7.684289617962096,7.3510442770620505,15.650809878085086,6.648190731559753,-8.299765601023037,95.66329020029279,0.7028535455022977,49869.58581999999,109885.34000000001,45.3832930034161,41900.14317999999,19.0200845036826,37597.03237999998,32.64234611912744,2265.5800000000004,6435.020000000001,35.20703898356182,0.3339586366997071,4378.120900000001,-48.252228484599414,0.0,0.0,3069.6676399999997,1830.7299999999993,167.67451453791662,0.4524854651681278,3073.9266399999997,-0.1385524281737549,3977.111000000001,-22.816646555753685,0.0,5701.230000000004,0.0,0.0,-93.79999999999973,-100.0
'2021-08-12',STR11,117676.38999999998,219999.98,-102323.59000000003,68561.27999999998,71.63680433037425,0.0,0.0,219.0,493.92,44.33916423712342,-274.92,145.0,51.03448275862068,0.0,0.0,540.5047031963467,700.0,77.2149575994781,476.6193793103449,13.403845218891863,0.0,0.0,5.779677798152528,8.392195715725139,12.767917518459404,0.0,-4.375721802734265,145.20179167094233,0.0,9875.632960000004,12715.290000000003,77.66738281234642,8753.84768,12.814768099780371,0.0,0.0,2136.6,990.0200000000002,215.81382194299098,1.8156573293929228,0.0,0.0,0.0,0.0,2347.482,281.62999999999994,833.5340695238434,1.9948623508929872,1470.8090000000002,59.6048161250033,0.0,0.0,0.0,877.1299999999997,0.0,0.0,0.0,0.0
'2021-08-12',STR12,55777.18000000001,144999.98,-89222.8,20745.209999999995,168.86775308613417,0.0,0.0,235.0,323.2,72.71039603960396,-88.19999999999999,53.0,343.3962264150943,0.0,0.0,240.79651063829746,670.0,35.93977770720858,391.4190566037735,-38.481147870618,0.0,0.0,3.726269479485446,0.6064709976373872,13.205708016452958,0.0,-12.59923701881557,16.275553901193796,0.0,338.27242000000126,5403.090000000001,6.2607215500759965,2739.55186,-87.65227171133014,0.0,0.0,0.0,652.4999999999999,0.0,0.0,0.0,0.0,0.0,0.0,0.0,185.6099999999999,0.0,0.0,0.0,0.0,0.0,0.0,0.0,578.0999999999998,0.0,0.0,0.0,0.0
'2021-08-13',STR01,606563.1799999998,1621000.0000000007,-1014436.8200000009,241960.46999999988,150.68689112729862,854054.6699999998,-28.97841305639135,491.0,1389.0,35.3491720662347,-898.0,193.0,154.40414507772022,442.0,11.085972850678738,1238.0090427698603,1700.0,72.82406133940354,1232.9341968911922,0.4116071961881129,1796.4632579185466,-31.08631432828375,7.378742134484882,5.7232188969993185,12.959361485783209,5.609189812169748,-7.23614258878389,77.56361169272468,0.11402908482957042,34714.93853999998,119609.40999999999,29.023584799891566,31356.531960000015,10.710389096230788,47905.54753999995,-27.534616922990253,2169.67,7294.510000000002,29.743875873773558,0.3576989292360279,3522.7100000000005,-38.40906574767722,0.0,0.0,2950.05378,2075.1099999999983,142.16373011551207,0.48635556480695075,3058.9222600000003,-3.5590469696997196,4471.77952,-34.02953417524485,-493.3093199999975,6462.720000000005,-7.633153223410533,-0.08132859630549906,-457.6468199999998,7.792581187387615
'2021-08-13',STR11,153460.12000000002,242999.99000000002,-89539.87,60297.18000000002,154.5062969777359,0.0,0.0,252.0,523.04,48.179871520342616,-271.03999999999996,138.0,82.6086956521739,0.0,0.0,611.4832936507929,700.0,87.35475623582755,436.9360869565223,39.947995119853566,0.0,0.0,5.830559910722628,6.9494506455488185,14.98246442039246,0.0,-8.033013774843642,119.19010784484878,0.0,10664.635299999994,14168.259999999995,75.27131277940974,9034.003540000002,18.04993492397937,0.0,0.0,2854.62,1093.54,261.0439490096384,1.8601705772157608,979.02,191.5793344364773,0.0,0.0,1260.2598,311.12,405.07193365903834,0.8212295155249454,1286.5731,-2.045223858636558,0.0,0.0,0.0,968.8300000000002,0.0,0.0,0.0,0.0
'2021-08-13',STR12,73521.77000000003,154999.99999999997,-81478.22999999994,18630.67999999999,294.6274102716598,0.0,0.0,261.0,363.52,71.79797535211267,-102.51999999999998,61.0,327.8688524590164,0.0,0.0,282.0140613026815,670.0,42.091650940698734,309.41999999999985,-8.857196915945432,0.0,0.0,5.06229677419355,1.3152103383800475,14.32346012061825,0.0,-13.008249782238202,25.980506419234327,0.0,966.9659200000008,7846.56,12.323437531861105,2668.5580199999986,-63.764478315521075,0.0,0.0,43.2,697.4700000000001,6.193814787732805,0.058758106612504,195.6,-77.91411042944785,0.0,0.0,2000.8667599999999,198.44000000000005,1008.2981052207213,2.7214616296642467,2036.0441499999997,-1.7277321810531432,0.0,0.0,0.0,617.93,0.0,0.0,0.0,0.0
'2021-08-14',STR01,1450648.1600000004,3019999.990000002,-1569351.8300000017,390147.2000000001,271.8207281764421,1447255.7599999995,0.23440224552990774,911.0,1598.2,57.00162683018396,-687.2,236.0,286.0169491525424,695.0,31.07913669064748,1600.7502414928606,1700.0,94.16177891134474,1637.6835169491524,-2.255214458352428,1898.571294964009,-15.686587817962039,7.775667575416111,4.5166234161149,14.164137856173259,6.961838740928554,-9.647514440058359,58.08663207767335,-2.4452153248136543,65520.314479999965,234825.15999999995,27.901743782480544,55260.98725000001,18.56522610352016,100755.61217999994,-34.97105217032686,2526.1481599999997,13589.920000000002,18.588396105348664,0.17413927302675508,10066.18,-74.90459975879628,0.0,0.0,4472.0485,3866.1999999999994,115.67038694325178,0.3082793349422508,4441.07114,0.6975200131561055,7188.745000000001,-37.79097046841974,0.0,12040.350000000002,0.0,0.0,4758.718820000001,-100.0
'2021-08-14',STR11,175692.4499999999,450000.01000000007,-274307.5600000002,81287.34000000003,116.13753137942493,0.0,0.0,245.0,707.25,34.641215977377165,-462.25,157.0,56.05095541401275,0.0,0.0,721.4013877551017,850.0,84.8707515006002,517.7537579617833,39.33291196089206,0.0,0.0,5.366728769628248,9.451089161771046,13.325470165464875,0.0,-3.874381003693829,176.10521357548913,0.0,16604.850100000003,24150.28,68.75634609619435,10831.92024,53.295535159885965,0.0,0.0,2411.63,2024.9399999999998,119.09636828745545,1.3726429337174144,135.0,1686.3925925925926,0.0,0.0,1818.0649,576.1099999999997,315.57600111089914,1.0347996740895817,1189.9022999999997,52.79110730351564,0.0,0.0,0.0,1794.1,0.0,0.0,0.0,0.0
'2021-08-14',STR12,112439.45999999999,260000.02999999982,-147560.56999999983,22516.02999999999,399.37515627754993,0.0,0.0,298.0,475.2,62.710437710437716,-177.2,67.0,344.77611940298505,0.0,0.0,383.89956375838824,650.0,59.06147134744435,337.3400000000002,13.801969454671248,0.0,0.0,4.499522557747401,1.3021294125745542,11.99997828213944,0.0,-10.697848869564885,28.939279576063292,0.0,1464.1072800000006,11698.760000000002,12.51506381872951,2701.91871,-45.81231202177801,0.0,0.0,0.0,1170.0300000000004,0.0,0.0,867.42,-100.0,0.0,0.0,891.29714,332.82000000000016,267.801556396851,0.7926906977319172,459.25564999999995,94.07428955963854,0.0,0.0,0.0,1036.58,0.0,0.0,220.36863999999974,-100.0
